Service , Message , Max , Min , Average , Count , frequency , TimedOut

Stream,setLogBits,1500.0096,1500.0096,1500.0096,1,0
Tool,setupTool,1687.6188,0,0.0767915974222905,15,0
Tool,getContext,15.6261,0,5.01004889135141E-08,52,0
Tool,connect,31.2522,0,1.12184541132443,15,0
Tool,setProperties,109.3827,0,1.11684837632145,29,0
Device,getContext,15.6261,0,1.11979039293051E-05,19,0
Device,startSession,328.1481,46.8762,187.51215,2,0
Tool,getTargetVoltage,15.6261,0,0.0248280590277778,10,0
Device,erase,31.2522,15.6254,23.4388,2,0
Modules,getChildren,156.261,0,6.510875,4,0
Modules,add,281.2698,15.6254,17.5791291666667,4,0
Modules,getBinaryContentInfo,0,0,0,4,0
Memory,getContext,15.6261,0,2.98103639947092E-05,16,0
Modules,writeToMemory,3656.5074,3640.7182,3648.6128,2,0
Modules,remove,15.6261,0,4.5574375,4,0
Modules,verifyMemory,3234.6027,3234.4578,3234.53025,2,0
Device,endSession,0,0,0,2,0
Tool,tearDownTool,15.6252,0,1.04215035059195,15,0
Processes,launch,1453.1436,156.251,111.5794219045,13,0
